<?xml version="1.0" encoding="UTF-8"?>
<project-private xmlns="http://www.netbeans.org/ns/project-private/1">
    <editor-bookmarks xmlns="http://www.netbeans.org/ns/editor-bookmarks/2" lastBookmarkId="0"/>
    <open-files xmlns="http://www.netbeans.org/ns/projectui-open-files/2">
        <group>
            <file>file:/Users/Kidakaen/Dropbox/Documents/SLCC%20Spring%202016/CSIS%201340_Intro%20To%20Programming/Net%20Beans/InputFromFileMikaelaSmith/src/inputfromfilemikaelasmith/Keyboard.java</file>
            <file>file:/Users/Kidakaen/Dropbox/Documents/SLCC%20Spring%202016/CSIS%201340_Intro%20To%20Programming/Net%20Beans/InputFromFileMikaelaSmith/src/inputfromfilemikaelasmith/InputFromFileMikaelaSmith.java</file>
            <file>file:/Users/Kidakaen/Dropbox/Documents/SLCC%20Spring%202016/CSIS%201340_Intro%20To%20Programming/Net%20Beans/InputFromFileMikaelaSmith/src/inputfromfilemikaelasmith/InputFile.java</file>
        </group>
    </open-files>
</project-private>
